{"cameraMode":{"drawMode":0,"name":"Shaded","section":"Shading Mode"},"sceneLighting":true,"audioPlay":false,"sceneViewState":{"showFog":true,"showMaterialUpdate":true,"showSkybox":true,"showFlares":true,"showImageEffects":true,"showParticleSystems":true},"in2DMode":false,"pivot":{"x":-0.43120187520980837,"y":2.118151903152466,"z":-1.3977257013320923},"rotation":{"x":0.5627018809318543,"y":0.022313330322504045,"z":-0.015196684747934342,"w":0.826219916343689},"size":2.7127673625946047,"orthographic":false}